sigma_angle_deg,z0_limit_IT,z0_limit_OT,time_limit_IT,time_limit_OT,prod_n,eff_inf,eff_inf_unc,n_fit,efakes_line_B0,efakes_conservative_quad,efakes_exact_helix
0.0,9.428916931152344,538.8057250976562,0.07077039778232574,0.0901622474193573,32418291370367.13,0.9902414174455958,0.0019309757214868734,5245,1.1960728601096952e-14,2.0159638671576505e-12,2.3682858577708003e-12
0.5,18.875417709350586,538.0918579101562,0.07077676057815552,0.09105563908815384,275428725344021.4,0.9876743485678054,0.002203168415456024,5245,1.016194282156767e-13,1.7127810714243316e-11,2.012117010128214e-11
1.0,34.80117416381836,537.9476928710938,0.07090257853269577,0.09296202659606934,1863694944082601.0,0.9838230414307383,0.0024738641377969753,5245,6.876102496192756e-13,1.1589573379272064e-10,1.3615037044501033e-10
1.5,51.2314453125,534.146240234375,0.07088567316532135,0.0997970849275589,6555331785704759.0,0.983102668836074,0.002483609096666537,5245,2.4185896623357706e-12,4.0764986242583617e-10,4.788932082728754e-10
2.0,68.43431091308594,546.6575927734375,0.07100141048431396,0.10753542184829712,1.5999641807205632e+16,0.9838385394883391,0.0025137164054175832,5245,5.903067844768518e-12,9.949537254228896e-10,1.1688378325836003e-09
2.5,86.51657104492188,544.32421875,0.07132971286773682,0.12031080573797226,3.461108803336805e+16,0.9836458142082082,0.0025818657999027417,5245,1.2769760929911141e-11,2.1523251204430255e-09,2.5284784251896695e-09
3.0,103.37496948242188,540.803466796875,0.07145335525274277,0.13522475957870483,6.35093251752963e+16,0.9860410658264944,0.002332936492937383,5245,2.343176552342557e-11,3.949390895350976e-09,4.639610241356096e-09
3.5,122.69762420654297,557.7348022460938,0.07191431522369385,0.16054031252861023,1.4378805993566261e+17,0.9879026786786298,0.0022197559239192635,5245,5.3050604713262714e-11,8.941604295159115e-09,1.0504292930539895e-08
4.0,140.7638702392578,583.4549560546875,0.0722145140171051,0.17548733949661255,2.3125353009809856e+17,0.9880915373233935,0.0022653005902992544,5245,8.532098992969346e-11,1.4380732022680358e-08,1.689399538778649e-08
4.5,158.4783935546875,613.055908203125,0.07278726994991302,0.21849007904529572,6.534533713898597e+17,0.9863199401118816,0.002304591086105794,5245,2.4109162137428875e-10,4.0635651353249815e-08,4.773738259351481e-08
5.0,182.4326934814453,652.8955078125,0.07344803959131241,0.32845306396484375,6.030138312948908e+18,0.9842346428290555,0.0024963842793462284,5245,2.2248195305624993e-09,3.7499018112904083e-07,4.4052572431416954e-07
