sigma_t_ns,z0_limit_IT,z0_limit_OT,time_limit_IT,time_limit_OT,prod_n,eff_inf,eff_inf_unc,n_fit,efakes_line_B0,efakes_conservative_quad,efakes_exact_helix
0.01,34.46257019042969,543.4702758789062,0.026317013750808936,0.04643007152729742,7077966643048.321,0.9866352826215802,0.0024045010371819228,5245,2.611415792952678e-15,4.401504336646029e-13,5.170737751412521e-13
0.016681005372000592,34.46257019042969,543.4702758789062,0.040705066890944996,0.058337464943680195,59090630971225.17,0.9867396647374793,0.0023168452948017617,5245,2.1801488296833528e-14,3.6746099775766085e-12,4.316806954971883e-12
0.027825594022071243,34.46257019042969,543.4702758789062,0.06599312647394076,0.08809730890693433,1199290681174678.8,0.9852804164409523,0.0024591967987976668,5245,4.4247829681939773e-13,7.457909029952858e-11,8.761298142253498e-11
0.046415888336127774,34.46257019042969,543.4702758789062,0.10872230037758206,0.1398480179288197,4.0817880743015864e+16,0.9845277821177532,0.002585823859992227,5245,1.5059757100135702e-11,2.5383007318851847e-09,2.9819094598002807e-09
0.0774263682681127,34.46257019042969,543.4702758789062,0.18057864484800634,0.22955808969627364,2.340686788169395e+18,0.9832106150229251,0.0026184590824566006,5245,8.635963904950983e-10,1.45557948609102e-07,1.7099653262292698e-07
0.1291549665014884,34.46257019042969,543.4702758789062,0.3010008510883789,0.38225479331599976,1.6131579914885304e+20,0.9839392785545596,0.002653680867052291,5245,5.951746409596932e-08,1.0031584285870576e-05,1.178476439102031e-05
0.21544346900318834,34.46257019042969,543.4702758789062,0.5007064897580443,0.639951137208316,3.493788556274999e+21,0.9865298280467729,0.0023628543897743965,5245,1.289033287837661e-06,0.00021726473516051712,0.0002552352291901138
0.3593813663804626,34.46257019042969,543.4702758789062,0.8376343886810068,1.0657000701048163,1.5312224316221116e+22,0.986638873745022,0.0023633600757601496,5245,5.649445161469781e-06,0.0009522059813285264,0.0011186192351972173
0.5994842503189409,34.46257019042969,543.4702758789062,1.4035192849439002,1.7831644592004927,2.692377302914772e+22,0.9848005108057836,0.002490576500777922,5245,9.933526059104052e-06,0.0016742817495905803,0.0019668893148713576
1.0,34.46257019042969,543.4702758789062,2.330507884123821,2.9963984314005194,3.2164472257313914e+22,0.9861415345095227,0.0023908787203202964,5245,1.1867082039335969e-05,0.0020001798717933232,0.002349743356285811
