system,system_name,part,layer,label,mean_r_mm,mean_abs_z_mm,area_mm2,bib_n_hits_before,bib_mean_density_before,bib_peak_density_p99_hits_per_mm2_before,bib_n_hits_after,bib_mean_density_after,bib_peak_density_p99_hits_per_mm2_after,bib_rejection_factor
1,VXD barrel,barrel,0,L0,29.458511352539062,,27040.0,2533202,93.68350591715976,137.0,40448,1.4958579881656804,2.019408284023669,62.62860957278481
1,VXD barrel,barrel,2,L2,40.53238296508789,,35100.0,1047373,29.83968660968661,39.0,11873,0.3382621082621083,0.5243062678062678,88.2146887896909
1,VXD barrel,barrel,4,L4,50.62710189819336,,44850.0,737133,16.43551839464883,24.653277591973247,3338,0.07442586399108138,0.09232528428093645,220.83073696824445
1,VXD barrel,barrel,6,L6,73.51167297363281,,65520.0,615412,9.392735042735042,13.14982905982906,1821,0.02779304029304029,0.028376694139194168,337.95277320153764
1,VXD barrel,barrel,8,L8,101.4163589477539,,90480.0,570868,6.309328028293545,8.517592838196286,1253,0.013848364279398763,0.012872054597701153,455.60095770151634
2,VXD endcap,endcap,0,L0,60.80987226909253,180.13999938964844,73145.89784819043,538534,7.362463457864615,46.38351978454707,35322,0.4828978936496004,3.238554723761042,15.246418662589887
2,VXD endcap,endcap,2,L2,71.40101303768799,230.13996886086056,68655.74986727942,383860,5.591083059205555,18.730128248338612,21308,0.31036002142852076,1.4897281028569,18.014830110756524
2,VXD endcap,endcap,4,L4,80.49432322385792,298.1401062011719,60944.06794166595,256903,4.215389761082256,9.484626962435076,11499,0.18868120209839848,0.7414227836456571,22.341334029046003
2,VXD endcap,endcap,6,L6,87.25868822572366,366.1401062011719,51399.20963828155,179382,3.4899758432549577,7.852445647323654,6323,0.12301745580326397,0.3989456091699851,28.36976118930887
3,IT barrel,barrel,0,L0,165.4303741455078,,1043723.5200000001,1647267,1.5782599207882178,3.4721718257340783,6627,0.006349382641104034,0.016340136226881224,248.5690357627886
3,IT barrel,barrel,1,L1,355.31591796875,,2203416.3200000003,1216025,0.5518816344248553,1.0209810236859822,2632,0.0011945087163555182,0.0023036100594916163,462.0155775075988
3,IT barrel,barrel,2,L2,555.2858276367188,,5167881.040000001,1261485,0.2441010135945389,0.5004070778688048,1918,0.0003711385740411702,0.0006819999999999993,657.7085505735141
4,IT endcap,endcap,0,L0,291.43648247478285,605.8454620271054,1327930.24,363074,0.27341345882747575,0.8885937411892962,7341,0.0055281518402653445,0.025716962360914388,49.458384416292056
4,IT endcap,endcap,1,L1,368.61893997342486,886.081435231109,2122317.08,324793,0.15303698163707,0.45911094491121013,2082,0.0009810032721406549,0.0015509661732543754,156.00048030739674
4,IT endcap,endcap,2,L2,383.0426923306158,1174.799921184021,2015608.4000000001,213861,0.10610245521898003,0.3076971201350421,772,0.00038301090628516923,0.0006619999999999997,277.0220207253886
4,IT endcap,endcap,3,L3,399.4592336849376,1455.086709509341,1980038.84,153293,0.07741918840339515,0.20128988984882737,354,0.00017878437172474859,0.00035999999999999997,433.0310734463277
4,IT endcap,endcap,4,L4,411.2706591003588,1742.800897479089,1861473.6400000001,109485,0.0588163042695571,0.14704076067389277,173,9.293712050631025e-05,0.00023750000000000003,632.8612716763006
4,IT endcap,endcap,5,L5,413.29903059213603,1944.108890367702,1719195.4000000001,83500,0.048569231862765565,0.11899461806377563,99,5.7585077298368754e-05,0.00015,843.4343434343434
4,IT endcap,endcap,6,L6,431.7164836835408,2191.83153247135,1659912.8000000003,70609,0.04253777668320889,0.09770927304133094,68,4.09660073709896e-05,0.00013000000000000007,1038.3676470588234
5,OT barrel,barrel,0,L0,819.94091796875,,14003290.560000002,1417318,0.10121321084692252,0.23279038494792173,3596,0.00025679678534071634,0.0007179999999999992,394.13737486095664
5,OT barrel,barrel,1,L1,1153.923583984375,,19482839.040000003,1174439,0.06028069100138703,0.1296034856529821,2627,0.00013483661157424415,0.0004,447.0647125999239
5,OT barrel,barrel,2,L2,1490.641357421875,,28615419.840000004,1019198,0.0356170905651126,0.08548101735627023,2222,7.765044204921928e-05,0.00027700000000000104,458.6849684968497
6,OT endcap,endcap,0,L0,1052.1778457893586,1408.2037297050745,13909090.559999999,357575,0.025708007181168287,0.0706970197482128,2036,0.00014637908864114838,0.000375,175.6262278978389
6,OT endcap,endcap,1,L1,1060.724344033104,1668.833678204039,13909090.559999999,384176,0.027620497425246474,0.0759563679194278,1339,9.62679762723466e-05,0.0003,286.9126213592233
6,OT endcap,endcap,2,L2,1060.6727108604591,1931.1056513175029,13909090.559999999,320852,0.02306779142862954,0.06228303685729975,850,6.111111264488022e-05,0.0002,377.4729411764706
6,OT endcap,endcap,3,L3,1064.1114911755578,2191.8793945958114,13909090.559999999,317649,0.022837510377098302,0.060519402499310496,520,3.7385621853338485e-05,0.00016524999999999963,610.8634615384616
