sigma_t_ns,z0_cut_mm_VXD_barrel,z0_cut_mm_VXD_endcap,z0_cut_mm_IT_barrel,z0_cut_mm_IT_endcap,z0_cut_mm_OT_barrel,z0_cut_mm_OT_endcap,time_cut_ns_VXD_barrel,time_cut_ns_VXD_endcap,time_cut_ns_IT_barrel,time_cut_ns_IT_endcap,time_cut_ns_OT_barrel,time_cut_ns_OT_endcap,n1_iterations,eff_inf,eff_inf_unc,n_fit,eff_inf_tracker,eff_inf_tracker_unc,n_fit_tracker,prod_n,efakes_exact_helix,efakes_conservative_quad,efakes_line_B0,bib_hits_after_IT_barrel_L0,bib_hits_after_IT_barrel_L1,bib_hits_after_IT_barrel_L2,bib_hits_after_OT_barrel_L0,bib_hits_after_OT_barrel_L1,bib_hits_after_OT_barrel_L2
0.01,9.89476490020752,51.10362243652344,34.42399597167969,297.8750305175781,104.67108917236328,244.02545166015625,0.026123486442701144,0.02658192576562935,0.026317399792840628,0.05261691659384081,0.03365675837826632,0.059053214273697106,3,0.9850876651167725,0.002538033974595418,5245,0.9829443444378455,0.0015771918618071343,14974,145187961230.11713,1.0606561319704976e-14,9.028658557056065e-15,5.356709829585171e-17,4821,1407,1190,7273,4693,2783
0.016681005372000592,9.895163536071777,51.08810806274414,34.465049743652344,298.5687561035156,106.00975799560547,244.502685546875,0.040420818615860304,0.04098805713365392,0.04070502111802019,0.05842866830318702,0.045749930785661724,0.06575355255156233,3,0.9837588042453497,0.0025626790637390093,5245,0.9836664355241095,0.001539033003415861,14974,1586115151140.73,1.1587205625143488e-13,9.863415678883744e-14,5.851971850133723e-16,7550,2309,1969,9900,6485,3801
0.027825594022071243,9.893622398376465,51.23188018798828,34.45941162109375,301.4415283203125,106.55870056152344,245.9582977294922,0.06572756396251261,0.06605692592527884,0.06599327321077755,0.07707643376199122,0.06972546321194288,0.08181565416633274,3,0.9812754938593133,0.0027045758442390193,5245,0.9816750714790841,0.00160762158557784,14974,35595588168659.53,2.6004000980732534e-12,2.2135472458562618e-12,1.3132992254826933e-14,12444,4263,3677,15454,10203,6112
0.046415888336127774,9.900564193725586,51.19761657714844,34.50619125366211,304.1727600097656,107.08723449707031,246.46990966796875,0.10863661969614352,0.10920219047874233,0.1087210370806695,0.11544515049926507,0.11311858617010921,0.11845613796863848,3,0.9788267688608216,0.0029425981701298866,5245,0.9798564187581134,0.001679981288789995,14974,1439966500709949.8,1.0519531274286466e-10,8.954575681314894e-11,5.312756404369359e-13,20722,8741,7872,26628,17856,11217
0.0774263682681127,9.900485038757324,51.23188018798828,34.41228485107422,306.38873291015625,107.24195861816406,247.4122314453125,0.18029763226309053,0.18165722017073505,0.18058645666804324,0.18390968968040927,0.18709718570763678,0.18644276374346933,2,0.9795798992340391,0.0028820605434811157,5245,0.980967602184219,0.001664752919917517,14974,1.0441373625894718e+17,7.627841088661127e-09,6.49307260299889e-09,3.852344799273856e-11,30731,17842,17958,54402,38707,26595
0.1291549665014884,9.89860725402832,51.188438415527344,34.455902099609375,307.2023620605469,107.27702331542969,247.7731170654297,0.3001208314677224,0.3020093019180297,0.3010011370602756,0.30347103149661847,0.31171788133098144,0.3040682712031274,2,0.9806401025069788,0.0029272651044187996,5245,0.9799351700588719,0.0017311283473217423,14974,6.015624517539763e+18,4.3946543350434984e-07,3.7408762624772776e-07,2.2194646657462957e-09,38250,29976,34261,122656,93698,70369
0.21544346900318834,9.900754928588867,51.19761657714844,34.476593017578125,307.73919677734375,107.17842864990234,247.66592407226562,0.500828804091436,0.49857620211751374,0.5008255643355194,0.5026266294877398,0.5168012035142977,0.503052441125488,2,0.9831895391468083,0.002618245931887329,5245,0.9818747730375657,0.0016203679748183926,14974,7.644363839517978e+19,5.584513559321464e-06,4.75372409724265e-06,2.8203880385901577e-08,42426,40519,50231,207108,167599,134690
0.3593813663804626,9.892285346984863,51.19617462158203,34.44312286376953,307.2750244140625,107.27030181884766,248.08895874023438,0.8343935983436108,0.8387479008335929,0.837638872049301,0.8344256631509588,0.8588413024925478,0.8336928491100922,2,0.9820956981066099,0.00277492119460324,5245,0.9800827625636399,0.0016947382265855447,14974,2.6239813512150847e+20,1.916923336316668e-05,1.6317490430666126e-05,9.681179195308055e-08,45185,47375,61624,262335,219380,182532
0.5994842503189409,9.902222633361816,51.19989013671875,34.46926498413086,307.5997009277344,107.25239562988281,247.80987548828125,1.3956747981423405,1.3995858864267043,1.403518156792709,1.3936541152661543,1.4407411942456643,1.4005679593214393,2,0.9802968661490692,0.002827605059367359,5245,0.9796299726907454,0.0017094223697372898,14974,4.2850350247521373e+20,3.1303894869824267e-05,2.6646918804923643e-05,1.580963672382301e-07,46917,50660,66655,286549,242949,205181
1.0,9.89901351928711,51.19761657714844,34.436004638671875,307.90545654296875,107.27713012695312,247.6963348388672,2.3295900406740815,2.3228736811488537,2.330523388252712,2.3376789162033527,2.411653023163521,2.329949299490412,2,0.9826852917880116,0.0026905607216599317,5245,0.9817438404422528,0.001620388078631711,14974,5.082109533622552e+20,3.712684298692619e-05,3.16036063457852e-05,1.8750443124300405e-07,47780,51806,68322,295023,251667,213747
