sigma_angle_deg,z0_cut_mm_VXD_barrel,z0_cut_mm_VXD_endcap,z0_cut_mm_IT_barrel,z0_cut_mm_IT_endcap,z0_cut_mm_OT_barrel,z0_cut_mm_OT_endcap,time_cut_ns_VXD_barrel,time_cut_ns_VXD_endcap,time_cut_ns_IT_barrel,time_cut_ns_IT_endcap,time_cut_ns_OT_barrel,time_cut_ns_OT_endcap,n1_iterations,eff_inf,eff_inf_unc,n_fit,eff_inf_tracker,eff_inf_tracker_unc,n_fit_tracker,prod_n,efakes_exact_helix,efakes_conservative_quad,efakes_line_B0,bib_hits_after_IT_barrel_L0,bib_hits_after_IT_barrel_L1,bib_hits_after_IT_barrel_L2,bib_hits_after_OT_barrel_L0,bib_hits_after_OT_barrel_L1,bib_hits_after_OT_barrel_L2
0.0,3.473375082015991,3.534748077392578,9.421814918518066,30.88248634338379,82.92901611328125,143.0618438720703,0.07091767340898514,0.0709792822599411,0.07077059894800186,0.07142330706119537,0.07234957814216614,0.07182770222425461,2,0.9862276924571438,0.0023110591199474967,5245,0.9899727381646595,0.0011672308156541848,14974,497443362.48425573,1.4195401329267506e-19,1.2083598804471066e-19,3.5846040739954326e-22,1815,629,410,2683,1687,1240
0.5,5.523964881896973,25.088298797607422,18.87971305847168,152.057861328125,89.12818145751953,165.91163635253906,0.0709434300661087,0.07100062072277069,0.07077652215957642,0.07334253191947937,0.0731516107916832,0.0747312530875206,3,0.9835705501113616,0.0025389657719342798,5245,0.9839321847709209,0.0014793864031387635,14974,6514929511.267172,1.8591471113910623e-18,1.5825679944830483e-18,4.6946938343398886e-21,3639,1266,885,2894,1957,1490
1.0,9.873495101928711,51.25880813598633,34.798614501953125,303.0588684082031,107.77297973632812,243.6138458251953,0.07097677886486053,0.07116256654262543,0.07090263068675995,0.08086946606636047,0.07531530410051346,0.08498083055019379,3,0.9803503137803152,0.0027469972566900383,5245,0.9796435848698872,0.0016841052502292858,14974,132659501568.34337,3.7856668857709986e-17,3.222485845519141e-17,9.559516231179743e-20,6573,2576,1919,3587,2715,2214
1.5,14.519700050354004,79.39549255371094,51.205535888671875,461.718994140625,135.04800415039062,347.7186279296875,0.07095792889595032,0.07179667800664902,0.0708860382437706,0.10030332207679749,0.07918958365917206,0.10179849714040756,3,0.9808931052495224,0.0026537984511278727,5245,0.9812830667386564,0.0016114936233196553,14974,1348157291264.838,3.847198545158651e-16,3.2748636451013753e-16,9.714895168206287e-19,9307,4164,3219,4647,3625,3388
2.0,19.39765167236328,112.63492584228516,68.42144012451172,632.5897827148438,167.3083038330078,453.7746276855469,0.07099941372871399,0.07418926805257797,0.07100178301334381,0.13604557514190674,0.08515392243862152,0.12017840147018433,3,0.9807127675110642,0.002757106754862852,5245,0.9795199659061674,0.0017124979084698522,14974,9088202366479.75,2.5934747487531705e-15,2.20765215766371e-15,6.5490083263919995e-18,11949,5969,4884,5902,4984,4684
2.5,24.37702178955078,148.8087158203125,86.48802185058594,827.1268310546875,202.6077880859375,569.9219970703125,0.07103492319583893,0.0786430835723877,0.07132983952760696,0.18941520154476166,0.09240207076072693,0.13928228616714478,3,0.9787131078329087,0.002895898737459476,5245,0.9768224097056892,0.0018167026515038614,14974,41688003115371.03,1.189638820152467e-14,1.0126602194267434e-14,3.00406030262034e-17,14167,7839,6424,7462,6475,6387
3.0,29.39006805419922,186.670166015625,103.28369140625,1056.71484375,238.67495727539062,689.0440673828125,0.07119198143482208,0.08837709575891495,0.07145361602306366,0.2563015818595886,0.10284201800823212,0.15913406014442444,3,0.9830383495949813,0.0026120827696410297,5245,0.9760967182782601,0.0018643078058226785,14974,141711601253134.12,4.043984108572836e-14,3.4423740763778904e-14,1.021181548483278e-16,15831,9356,7907,9049,8416,8391
3.5,35.14448928833008,230.6356964111328,122.59134674072266,1313.078125,276.7133483886719,810.8826904296875,0.07148077338933945,0.10252678394317627,0.07191270589828491,0.33634018898010254,0.11571789532899857,0.1787797510623932,3,0.9834661480918733,0.0025646804206754708,5245,0.977958294471709,0.0017998370354756494,14974,459831116771499.5,1.3122071251806689e-13,1.1169944463887683e-13,3.3135681744696237e-16,17404,11223,9400,11347,10642,10953
4.0,40.760101318359375,283.44427490234375,140.6226806640625,1564.2052001953125,318.12939453125,937.105712890625,0.07180949300527573,0.12327635288238525,0.07221479713916779,0.4224150478839874,0.1299431473016739,0.1959955245256424,3,0.9853145064470095,0.002522311613767515,5245,0.974960867214843,0.0019039129010730215,14974,1245875312105910.0,3.5553193379134825e-13,3.02640633432102e-13,8.977845632841318e-16,18843,12627,10793,13806,13451,13797
4.5,47.27986145019531,327.24163818359375,158.29148864746094,1862.5283203125,360.73699951171875,1067.9327392578125,0.07237545400857925,0.14733892679214478,0.0727900043129921,0.5226143598556519,0.1485917568206787,0.21168777346611023,4,0.9796558051518516,0.002751991394126076,5245,0.9717465228548309,0.001992454348567997,14974,3309582459019106.0,9.444462381296162e-13,8.039441202990708e-13,2.3849032192482404e-15,19847,13829,12258,17172,16923,17877
5.0,53.655147552490234,391.3381652832031,182.57435607910156,2105.071044921875,406.2309265136719,1179.7462158203125,0.07308822125196457,0.17414900660514832,0.07344749569892883,0.6159585118293762,0.17222145199775696,0.2315194010734558,4,0.9803061324409039,0.0028617403461438677,5245,0.9705855707392088,0.0021141954953719315,14974,9427463369111306.0,2.6902887069025677e-12,2.2900634260607646e-12,6.793481660221906e-15,21556,15598,13858,21340,21808,22960
